haaptvariant	niewevariant	paragraf
Fürerschäin	Führerschäin	1.2.3
eeben	eben	2.1
extreem	extrem	2.1
Geen	Gen	2.1
heterogeen	heterogen	2.1
Treema	Trema	2.1
Veen	Ven	2.1
Alphabet (alphabetesch	Alphabeet (alphabeetesch	2.1
Februar	Feebruar	2.1
Medien (Medienhaiser	Meedien (Meedienhaiser	2.1
Meter (symmetresch	Meeter (symmeetresch	2.1
Kilometer	Kilomeeter	2.1
elo	lo	2.3.2
eran	ran	2.3.2
eraus	raus	2.3.2
eréischt	réischt	2.3.2
erëm	rëm	2.3.2
esou	sou	2.3.2
ewech	wech	2.3.2
ewéi	wéi	2.3.2
ewell	well	2.3.2
Abonnement	Abonement	4.1.1.1
Fonctionnaire	Fonctionaire	4.1.1.1
impressionnant	impressionant	4.1.1.1
raisonnabel	raisonabel	4.1.1.1
Damm	Dame	7.2.1
effikass	efficace	7.2.1
Ekipp	Equipe	7.2.1
Mull	Moule	7.2.1
Retusch	Retouche	7.2.1
